{
    "bottom": 24.623340905712205,
    "left": -131.1651209108407,
    "right": -65.03986894612699,
    "top": 52.9220879731627
}