{
    "bottom": 24.623340905712283,
    "left": -131.1651209108407,
    "right": -65.03986894612707,
    "top": 52.92208797316273
}